{"cameraMode":{"drawMode":0,"name":"Shaded","section":"Shading Mode"},"sceneLighting":true,"audioPlay":false,"sceneViewState":{"showFog":true,"showMaterialUpdate":false,"showSkybox":true,"showFlares":true,"showImageEffects":true,"showParticleSystems":true},"in2DMode":false,"pivot":{"x":-16.07373046875,"y":7.776611328125,"z":-17.70458984375},"rotation":{"x":-0.13902075588703156,"y":-0.3436584174633026,"z":0.05152260884642601,"w":-0.9273174405097961},"size":3.858652114868164,"orthographic":true}