{"cameraMode":{"drawMode":0,"name":"Shaded","section":"Shading Mode"},"sceneLighting":true,"audioPlay":false,"sceneViewState":{"showFog":true,"showMaterialUpdate":false,"showSkybox":true,"showFlares":true,"showImageEffects":true,"showParticleSystems":true},"in2DMode":false,"pivot":{"x":0.878662109375,"y":1.504638671875,"z":0.20166015625},"rotation":{"x":-0.13462132215499879,"y":0.8642560839653015,"z":-0.31823277473449709,"w":-0.36560437083244326},"size":3.1146597862243654,"orthographic":true}