{"cameraMode":{"drawMode":0,"name":"Shaded","section":"Shading Mode"},"sceneLighting":true,"audioPlay":false,"sceneViewState":{"showFog":true,"showMaterialUpdate":false,"showSkybox":true,"showFlares":true,"showImageEffects":true,"showParticleSystems":true},"in2DMode":false,"pivot":{"x":1.96435546875,"y":3.07275390625,"z":-3.23095703125},"rotation":{"x":-0.11767751723527909,"y":0.6830453276634216,"z":-0.1129014864563942,"w":-0.7119370698928833},"size":4.760900974273682,"orthographic":true}