{"cameraMode":{"drawMode":31,"name":"Sprite Mask","section":"Miscellaneous"},"sceneLighting":false,"audioPlay":false,"sceneViewState":{"showFog":true,"showMaterialUpdate":false,"showSkybox":true,"showFlares":true,"showImageEffects":true,"showParticleSystems":true},"in2DMode":false,"pivot":{"x":-76.59818267822266,"y":0.11219274997711182,"z":-28.01889419555664},"rotation":{"x":0.5137373805046082,"y":-0.46934473514556887,"z":0.40792542695999148,"w":0.5910890698432922},"size":6.742082595825195,"orthographic":false}