{"cameraMode":{"drawMode":0,"name":"Shaded","section":"Shading Mode"},"sceneLighting":false,"audioPlay":false,"sceneViewState":{"showFog":true,"showMaterialUpdate":false,"showSkybox":true,"showFlares":true,"showImageEffects":true,"showParticleSystems":true},"in2DMode":false,"pivot":{"x":-102.55770111083985,"y":-0.57032310962677,"z":14.876002311706543},"rotation":{"x":0.5992604494094849,"y":-0.32183748483657839,"z":0.2857077717781067,"w":0.6750397086143494},"size":141.92239379882813,"orthographic":false}