{"cameraMode":{"drawMode":0,"name":"Shaded","section":"Shading Mode"},"sceneLighting":true,"audioPlay":false,"sceneViewState":{"showFog":true,"showMaterialUpdate":false,"showSkybox":true,"showFlares":true,"showImageEffects":true,"showParticleSystems":true},"in2DMode":false,"pivot":{"x":164.91366577148438,"y":11.079519271850586,"z":38.92058563232422},"rotation":{"x":0.12787067890167237,"y":0.28265315294265749,"z":-0.03804934397339821,"w":0.9498992562294006},"size":347.1214904785156,"orthographic":false}