{"cameraMode":{"drawMode":0,"name":"Shaded","section":"Shading Mode"},"sceneLighting":true,"audioPlay":false,"sceneViewState":{"showFog":true,"showMaterialUpdate":false,"showSkybox":true,"showFlares":true,"showImageEffects":true,"showParticleSystems":true},"in2DMode":false,"pivot":{"x":0.09039306640625,"y":3.5830078125,"z":1.1279296875},"rotation":{"x":0.038370683789253238,"y":0.17741873860359193,"z":-0.00692275445908308,"w":0.9833628535270691},"size":7.362584114074707,"orthographic":true}