{"cameraMode":{"drawMode":31,"name":"Sprite Mask","section":"Miscellaneous"},"sceneLighting":true,"audioPlay":false,"sceneViewState":{"showFog":true,"showMaterialUpdate":false,"showSkybox":true,"showFlares":true,"showImageEffects":true,"showParticleSystems":true},"in2DMode":false,"pivot":{"x":-74.66343688964844,"y":18.53202247619629,"z":-55.062774658203128},"rotation":{"x":-0.4492127299308777,"y":0.18480506539344788,"z":-0.0957934707403183,"w":-0.8688375949859619},"size":19.885725021362306,"orthographic":false}