{"cameraMode":{"drawMode":0,"name":"Shaded","section":"Shading Mode"},"sceneLighting":false,"audioPlay":false,"sceneViewState":{"showFog":true,"showMaterialUpdate":false,"showSkybox":true,"showFlares":true,"showImageEffects":true,"showParticleSystems":true},"in2DMode":false,"pivot":{"x":-121.28805541992188,"y":-1.320992112159729,"z":46.57475662231445},"rotation":{"x":0.017717868089675905,"y":0.9399816393852234,"z":-0.04939475283026695,"w":0.33716586232185366},"size":16.47370147705078,"orthographic":false}