{"cameraMode":{"drawMode":0,"name":"Shaded","section":"Shading Mode"},"sceneLighting":false,"audioPlay":false,"sceneViewState":{"showFog":true,"showMaterialUpdate":false,"showSkybox":true,"showFlares":true,"showImageEffects":true,"showParticleSystems":true},"in2DMode":false,"pivot":{"x":-111.75846862792969,"y":5.274353981018066,"z":48.175968170166019},"rotation":{"x":0.006633749697357416,"y":0.9902077913284302,"z":-0.12996070086956025,"w":0.05054442957043648},"size":0.5481714010238648,"orthographic":false}