{"cameraMode":{"drawMode":0,"name":"Shaded","section":"Shading Mode"},"sceneLighting":false,"audioPlay":false,"sceneViewState":{"showFog":true,"showMaterialUpdate":false,"showSkybox":true,"showFlares":true,"showImageEffects":true,"showParticleSystems":true},"in2DMode":false,"pivot":{"x":133.65147399902345,"y":2.582152843475342,"z":-10.818560600280762},"rotation":{"x":0.003109549405053258,"y":-0.7228285670280457,"z":-0.003252629190683365,"w":-0.6910128593444824},"size":140.0320587158203,"orthographic":false}