{"cameraMode":{"drawMode":0,"name":"Shaded","section":"Shading Mode"},"sceneLighting":false,"audioPlay":false,"sceneViewState":{"showFog":true,"showMaterialUpdate":false,"showSkybox":true,"showFlares":true,"showImageEffects":true,"showParticleSystems":true},"in2DMode":false,"pivot":{"x":-79.57100677490235,"y":0.8396769762039185,"z":18.889015197753908},"rotation":{"x":0.33935073018074038,"y":-0.6288406848907471,"z":0.6036961078643799,"w":0.35348495841026308},"size":2.832733631134033,"orthographic":false}