{"cameraMode":{"drawMode":0,"name":"Shaded","section":"Shading Mode"},"sceneLighting":true,"audioPlay":false,"sceneViewState":{"showFog":true,"showMaterialUpdate":false,"showSkybox":true,"showFlares":true,"showImageEffects":true,"showParticleSystems":true},"in2DMode":false,"pivot":{"x":0.09039306640625,"y":3.5830078125,"z":1.1279296875},"rotation":{"x":0.14601483941078187,"y":0.6627216339111328,"z":-0.13399529457092286,"w":0.7221668362617493},"size":20.913753509521486,"orthographic":true}