{"cameraMode":{"drawMode":0,"name":"Shaded","section":"Shading Mode"},"sceneLighting":false,"audioPlay":false,"sceneViewState":{"showFog":true,"showMaterialUpdate":false,"showSkybox":false,"showFlares":true,"showImageEffects":true,"showParticleSystems":true},"in2DMode":false,"pivot":{"x":9.134328842163086,"y":-0.7146975994110107,"z":1.1110124588012696},"rotation":{"x":-0.010804773308336735,"y":0.9854647517204285,"z":-0.1549927294254303,"w":-0.06870035827159882},"size":5.350315570831299,"orthographic":false}