{"cameraMode":{"drawMode":0,"name":"Shaded","section":"Shading Mode"},"sceneLighting":false,"audioPlay":false,"sceneViewState":{"showFog":true,"showMaterialUpdate":false,"showSkybox":false,"showFlares":true,"showImageEffects":true,"showParticleSystems":true},"in2DMode":false,"pivot":{"x":11.904712677001954,"y":-1.3107577562332154,"z":2.46396541595459},"rotation":{"x":0.1234656423330307,"y":0.8514628410339356,"z":-0.23152992129325868,"w":0.45404982566833498},"size":6.735396862030029,"orthographic":false}