{"cameraMode":{"drawMode":0,"name":"Shaded","section":"Shading Mode"},"sceneLighting":true,"audioPlay":false,"sceneViewState":{"showFog":true,"showMaterialUpdate":false,"showSkybox":true,"showFlares":true,"showImageEffects":true,"showParticleSystems":true},"in2DMode":false,"pivot":{"x":8.081329345703125,"y":0.8022557497024536,"z":6.737683296203613},"rotation":{"x":0.06209823116660118,"y":0.8929780721664429,"z":-0.1300300657749176,"w":0.4264109134674072},"size":35.58599853515625,"orthographic":true}