{"cameraMode":{"drawMode":0,"name":"Shaded","section":"Shading Mode"},"sceneLighting":true,"audioPlay":false,"sceneViewState":{"showFog":true,"showMaterialUpdate":false,"showSkybox":true,"showFlares":true,"showImageEffects":true,"showParticleSystems":true},"in2DMode":false,"pivot":{"x":-19.801326751708986,"y":7.970353126525879,"z":2.1693978309631349},"rotation":{"x":-0.19620062410831452,"y":0.6785887479782105,"z":-0.19572660326957704,"w":-0.6802306771278381},"size":17.20400047302246,"orthographic":true}