{"cameraMode":{"drawMode":0,"name":"Shaded","section":"Shading Mode"},"sceneLighting":true,"audioPlay":false,"sceneViewState":{"showFog":true,"showMaterialUpdate":false,"showSkybox":true,"showFlares":true,"showImageEffects":true,"showParticleSystems":true},"in2DMode":false,"pivot":{"x":-1.6541633605957032,"y":4.234560966491699,"z":11.3435697555542},"rotation":{"x":-0.0374649353325367,"y":-0.7260960340499878,"z":0.03968096897006035,"w":-0.6854242086410523},"size":4.64272403717041,"orthographic":true}