{"cameraMode":{"drawMode":0,"name":"Shaded","section":"Shading Mode"},"sceneLighting":true,"audioPlay":false,"sceneViewState":{"showFog":true,"showMaterialUpdate":false,"showSkybox":true,"showFlares":true,"showImageEffects":true,"showParticleSystems":true},"in2DMode":false,"pivot":{"x":-2.6480443477630617,"y":3.065000057220459,"z":-5.21250057220459},"rotation":{"x":-0.37066560983657839,"y":0.19397753477096559,"z":-0.07946557551622391,"w":-0.904801070690155},"size":11.168434143066407,"orthographic":true}