{"cameraMode":{"drawMode":0,"name":"Shaded","section":"Shading Mode"},"sceneLighting":true,"audioPlay":false,"sceneViewState":{"showFog":true,"showMaterialUpdate":false,"showSkybox":true,"showFlares":true,"showImageEffects":true,"showParticleSystems":true},"in2DMode":false,"pivot":{"x":10.59999942779541,"y":4.637499809265137,"z":5.988544464111328},"rotation":{"x":-0.20832927525043488,"y":0.6703563332557678,"z":-0.20473162829875947,"w":-0.682133674621582},"size":13.196084022521973,"orthographic":true}