{"cameraMode":{"drawMode":0,"name":"Shaded","section":"Shading Mode"},"sceneLighting":true,"audioPlay":false,"sceneViewState":{"showFog":true,"showMaterialUpdate":false,"showSkybox":false,"showFlares":true,"showImageEffects":true,"showParticleSystems":true},"in2DMode":false,"pivot":{"x":128.91311645507813,"y":58.88514709472656,"z":302.44317626953127},"rotation":{"x":-0.19992682337760926,"y":0.6560759544372559,"z":-0.186465784907341,"w":-0.7034373879432678},"size":363.47247314453127,"orthographic":false}