{"cameraMode":{"drawMode":0,"name":"Shaded","section":"Shading Mode"},"sceneLighting":true,"audioPlay":false,"sceneViewState":{"showFog":true,"showMaterialUpdate":false,"showSkybox":true,"showFlares":true,"showImageEffects":true,"showParticleSystems":true},"in2DMode":false,"pivot":{"x":11.368478775024414,"y":1.344757318496704,"z":11.751922607421875},"rotation":{"x":-0.09989843517541886,"y":-0.6726891398429871,"z":0.09239697456359863,"w":-0.727304995059967},"size":0.6239422559738159,"orthographic":false}