{"cameraMode":{"drawMode":31,"name":"Sprite Mask","section":"Miscellaneous"},"sceneLighting":true,"audioPlay":false,"sceneViewState":{"showFog":true,"showMaterialUpdate":false,"showSkybox":true,"showFlares":true,"showImageEffects":true,"showParticleSystems":true},"in2DMode":false,"pivot":{"x":-131.32913208007813,"y":0.8396769165992737,"z":-20.18115997314453},"rotation":{"x":-0.11742688715457916,"y":-0.7886785864830017,"z":0.15869489312171937,"w":-0.5822481513023377},"size":2.114511251449585,"orthographic":false}