{"cameraMode":{"drawMode":0,"name":"Shaded","section":"Shading Mode"},"sceneLighting":true,"audioPlay":false,"sceneViewState":{"showFog":true,"showMaterialUpdate":false,"showSkybox":true,"showFlares":true,"showImageEffects":true,"showParticleSystems":true},"in2DMode":false,"pivot":{"x":-2.5999999046325685,"y":1.7750000953674317,"z":-1.5999999046325684},"rotation":{"x":-0.6365765929222107,"y":-0.3128230571746826,"z":0.31602534651756289,"w":-0.6301111578941345},"size":4.041658401489258,"orthographic":true}