{"cameraMode":{"drawMode":0,"name":"Shaded","section":"Shading Mode"},"sceneLighting":false,"audioPlay":false,"sceneViewState":{"showFog":true,"showMaterialUpdate":false,"showSkybox":true,"showFlares":true,"showImageEffects":true,"showParticleSystems":true},"in2DMode":false,"pivot":{"x":-43.97999954223633,"y":2.7589282989501955,"z":31.65999984741211},"rotation":{"x":0.008470507338643074,"y":-0.9604671597480774,"z":0.276706725358963,"w":0.029401293024420739},"size":1.4289418458938599,"orthographic":false}