{"cameraMode":{"drawMode":31,"name":"Sprite Mask","section":"Miscellaneous"},"sceneLighting":false,"audioPlay":false,"sceneViewState":{"showFog":true,"showMaterialUpdate":false,"showSkybox":true,"showFlares":true,"showImageEffects":true,"showParticleSystems":true},"in2DMode":false,"pivot":{"x":-116.35752868652344,"y":3.0063881874084474,"z":35.934303283691409},"rotation":{"x":0.5137373805046082,"y":-0.46934473514556887,"z":0.40792542695999148,"w":0.5910890698432922},"size":24.105457305908204,"orthographic":false}