{"cameraMode":{"drawMode":0,"name":"Shaded","section":"Shading Mode"},"sceneLighting":true,"audioPlay":false,"sceneViewState":{"showFog":true,"showMaterialUpdate":false,"showSkybox":true,"showFlares":true,"showImageEffects":true,"showParticleSystems":true},"in2DMode":false,"pivot":{"x":21.959041595458986,"y":8.107664108276368,"z":13.776315689086914},"rotation":{"x":-0.44710201025009158,"y":0.2082141786813736,"z":-0.10784578323364258,"w":-0.8632010221481323},"size":15.6846284866333,"orthographic":true}