{"cameraMode":{"drawMode":0,"name":"Shaded","section":"Shading Mode"},"sceneLighting":true,"audioPlay":false,"sceneViewState":{"showFog":true,"showMaterialUpdate":false,"showSkybox":true,"showFlares":true,"showImageEffects":true,"showParticleSystems":true},"in2DMode":false,"pivot":{"x":150.7806396484375,"y":5.1513671875,"z":52.205078125},"rotation":{"x":-0.42695000767707827,"y":-0.5451726317405701,"z":0.37925755977630618,"w":-0.6137298345565796},"size":6.185713291168213,"orthographic":true}