{"cameraMode":{"drawMode":0,"name":"Shaded","section":"Shading Mode"},"sceneLighting":true,"audioPlay":false,"sceneViewState":{"showFog":true,"showMaterialUpdate":false,"showSkybox":true,"showFlares":true,"showImageEffects":true,"showParticleSystems":true},"in2DMode":false,"pivot":{"x":11.131082534790039,"y":1.3543720245361329,"z":9.482254028320313},"rotation":{"x":0.06209823116660118,"y":0.8929780721664429,"z":-0.1300300657749176,"w":0.4264109134674072},"size":9.362177848815918,"orthographic":true}