{"cameraMode":{"drawMode":0,"name":"Shaded","section":"Shading Mode"},"sceneLighting":true,"audioPlay":false,"sceneViewState":{"showFog":true,"showMaterialUpdate":false,"showSkybox":true,"showFlares":true,"showImageEffects":true,"showParticleSystems":true},"in2DMode":false,"pivot":{"x":-1.7980870008468629,"y":2.0832836627960207,"z":5.009492874145508},"rotation":{"x":0.15718653798103333,"y":0.5940471887588501,"z":-0.1197466030716896,"w":0.779782772064209},"size":2.874861001968384,"orthographic":false}