{"cameraMode":{"drawMode":31,"name":"Sprite Mask","section":"Miscellaneous"},"sceneLighting":true,"audioPlay":false,"sceneViewState":{"showFog":true,"showMaterialUpdate":false,"showSkybox":true,"showFlares":true,"showImageEffects":true,"showParticleSystems":true},"in2DMode":false,"pivot":{"x":-113.10810852050781,"y":1.1371212005615235,"z":33.69154357910156},"rotation":{"x":-0.4672988951206207,"y":-0.531330406665802,"z":0.4707438349723816,"w":-0.5269914865493774},"size":25.321231842041017,"orthographic":false}