{"cameraMode":{"drawMode":0,"name":"Shaded","section":"Shading Mode"},"sceneLighting":true,"audioPlay":false,"sceneViewState":{"showFog":true,"showMaterialUpdate":false,"showSkybox":true,"showFlares":true,"showImageEffects":true,"showParticleSystems":true},"in2DMode":false,"pivot":{"x":-2.5999999046325685,"y":1.7750000953674317,"z":-0.5789661407470703},"rotation":{"x":-0.19620062410831452,"y":0.6785887479782105,"z":-0.19572660326957704,"w":-0.6802306771278381},"size":16.00274085998535,"orthographic":true}