{"cameraMode":{"drawMode":0,"name":"Shaded","section":"Shading Mode"},"sceneLighting":true,"audioPlay":false,"sceneViewState":{"showFog":true,"showMaterialUpdate":false,"showSkybox":true,"showFlares":true,"showImageEffects":true,"showParticleSystems":true},"in2DMode":false,"pivot":{"x":1.052734375,"y":4.5458984375,"z":-5.0336456298828129},"rotation":{"x":-0.19620062410831452,"y":0.6785887479782105,"z":-0.19572660326957704,"w":-0.6802306771278381},"size":14.766253471374512,"orthographic":true}