{"cameraMode":{"drawMode":0,"name":"Shaded","section":"Shading Mode"},"sceneLighting":true,"audioPlay":false,"sceneViewState":{"showFog":true,"showMaterialUpdate":false,"showSkybox":true,"showFlares":true,"showImageEffects":true,"showParticleSystems":true},"in2DMode":false,"pivot":{"x":-105.4747543334961,"y":786.6412353515625,"z":-143.5565185546875},"rotation":{"x":0.6445122957229614,"y":0.012614371255040169,"z":-0.010635624639689923,"w":0.7644158601760864},"size":167.62081909179688,"orthographic":true}