{"cameraMode":{"drawMode":0,"name":"Shaded","section":"Shading Mode"},"sceneLighting":true,"audioPlay":false,"sceneViewState":{"showFog":true,"showMaterialUpdate":false,"showSkybox":true,"showFlares":true,"showImageEffects":true,"showParticleSystems":true},"in2DMode":false,"pivot":{"x":-0.22064924240112306,"y":0.5312328338623047,"z":-0.49467745423316958},"rotation":{"x":0.18512524664402009,"y":-0.6661930084228516,"z":0.17601750791072846,"w":0.7006663680076599},"size":7.378849506378174,"orthographic":false}