{"cameraMode":{"drawMode":0,"name":"Shaded","section":"Shading Mode"},"sceneLighting":false,"audioPlay":false,"sceneViewState":{"showFog":true,"showMaterialUpdate":false,"showSkybox":true,"showFlares":true,"showImageEffects":true,"showParticleSystems":true},"in2DMode":false,"pivot":{"x":-131.6010284423828,"y":1.273646593093872,"z":-21.019128799438478},"rotation":{"x":-0.282918244600296,"y":0.6377134919166565,"z":-0.27225637435913088,"w":-0.6626879572868347},"size":179.42222595214845,"orthographic":false}