{"cameraMode":{"drawMode":0,"name":"Shaded","section":"Shading Mode"},"sceneLighting":true,"audioPlay":false,"sceneViewState":{"showFog":true,"showMaterialUpdate":false,"showSkybox":true,"showFlares":true,"showImageEffects":true,"showParticleSystems":true},"in2DMode":false,"pivot":{"x":167.57711791992188,"y":6.246706008911133,"z":127.56559753417969},"rotation":{"x":-0.11524203419685364,"y":0.006236446090042591,"z":-0.0007234009681269527,"w":-0.9933176040649414},"size":34.98478698730469,"orthographic":false}