{"cameraMode":{"drawMode":0,"name":"Shaded","section":"Shading Mode"},"sceneLighting":false,"audioPlay":false,"sceneViewState":{"showFog":true,"showMaterialUpdate":false,"showSkybox":true,"showFlares":true,"showImageEffects":true,"showParticleSystems":true},"in2DMode":false,"pivot":{"x":-34.364593505859378,"y":7.351795196533203,"z":3.541057586669922},"rotation":{"x":-0.08721986413002014,"y":0.8662346601486206,"z":-0.16273413598537446,"w":-0.46427130699157717},"size":22.12639045715332,"orthographic":false}