{"cameraMode":{"drawMode":0,"name":"Shaded","section":"Shading Mode"},"sceneLighting":false,"audioPlay":false,"sceneViewState":{"showFog":true,"showMaterialUpdate":false,"showSkybox":true,"showFlares":true,"showImageEffects":true,"showParticleSystems":true},"in2DMode":false,"pivot":{"x":-14.689908981323243,"y":1.1548166275024415,"z":-0.0014470294117927552},"rotation":{"x":-0.016795426607131959,"y":0.7521533966064453,"z":-0.019184067845344545,"w":-0.6584945917129517},"size":2.874861478805542,"orthographic":false}