{"cameraMode":{"drawMode":0,"name":"Shaded","section":"Shading Mode"},"sceneLighting":true,"audioPlay":false,"sceneViewState":{"showFog":true,"showMaterialUpdate":false,"showSkybox":true,"showFlares":true,"showImageEffects":true,"showParticleSystems":true},"in2DMode":false,"pivot":{"x":9.389326095581055,"y":1.0627936124801636,"z":3.8091773986816408},"rotation":{"x":0.006773878820240498,"y":-0.9853003621101379,"z":0.16588744521141053,"w":0.04023360833525658},"size":4.9901533126831059,"orthographic":true}