{"cameraMode":{"drawMode":0,"name":"Shaded","section":"Shading Mode"},"sceneLighting":true,"audioPlay":false,"sceneViewState":{"showFog":true,"showMaterialUpdate":false,"showSkybox":true,"showFlares":true,"showImageEffects":true,"showParticleSystems":true},"in2DMode":false,"pivot":{"x":150.74000549316407,"y":5.15500020980835,"z":52.54999923706055},"rotation":{"x":-0.42695000767707827,"y":-0.5451726317405701,"z":0.37925755977630618,"w":-0.6137298345565796},"size":12.188241958618164,"orthographic":true}